id,file,services,event_types,note
I0,Batches/03b94221-49ba-4ae9-a543-31e267173d64.JPG,stage_lighting,,
I1,Batches/07efce5e-2166-4e55-b4a2-4d4e24fbe019.JPG,led_screens,,
I2,Batches/0afa778d-67aa-466f-9f27-5f1e197957b8.JPG,,corporate,
I3,Batches/237802c9-1f51-443f-8126-2cf74d605618.JPG,gobo_atmosphere,,
I4,Batches/3d78511b-dd6d-4ff3-8ccc-cd1f80bc9757.JPG,,corporate,
I5,Batches/5918be7f-8906-48fa-9d42-22cd538c4694.JPG,,,
I6,Batches/5b5d56c6-dfa5-483f-b633-61301c0b5ff9.JPG,,,
I7,Batches/5e328a42-f4fc-4753-ad49-56710a3457c5.JPG,,,
I8,Batches/61f9a95c-debd-4dbc-b037-c52e9c58a05e.JPG,,,Instagram screenshot (UI visible)
I9,Batches/69ab8b48-8710-4cba-8a30-88eec5536156.JPG,,,
I10,Batches/6b38bf1b-9af9-49a5-a377-f882e2775ad9.JPG,laser_skybeams,,
I11,Batches/7185347b-6857-4e73-8782-0d14a396c055.JPG,led_screens,corporate,
I12,Batches/8346c5bb-8148-42ed-9357-164457f41419.JPG,,,tiny low-res fountain
I13,Batches/954cb9be-3985-4035-aa2c-e449a3958d90.JPG,laser_skybeams,,
I14,Batches/9850db76-55e4-48e3-b7ae-7e25a74e0235.JPG,,launch_activation,
I15,Batches/IMG_0041.JPG,,,
I16,Batches/IMG_0124.JPG,,,
I17,Batches/IMG_0305.JPG,laser_skybeams,launch_activation,
I18,Batches/IMG_1122.PNG,led_screens,corporate,
I19,Batches/IMG_1383.jpg,,,
I20,Batches/IMG_2204.jpg,stage_lighting,,
I21,Batches/IMG_3121.jpg,,cultural_national,
I22,Batches/IMG_3141.jpg,,cultural_national,
I23,Batches/IMG_3155.jpg,led_screens,cultural_national,
I24,Batches/IMG_5422.jpg,gobo_atmosphere,,
I25,Batches/IMG_5423.jpg,gobo_atmosphere,,
I26,Batches/IMG_5435.jpg,gobo_atmosphere,,
I27,Batches/IMG_5445.jpg,gobo_atmosphere,,
I28,Batches/IMG_5491.jpg,gobo_atmosphere,,
I29,Batches/IMG_5635.jpg,,,
I30,Batches/IMG_5663.jpg,,,
I31,Batches/IMG_5698.jpg,,,
I32,Batches/IMG_5862.jpg,stage_lighting,,
I33,Batches/IMG_5877.jpg,stage_lighting,,
I34,Batches/IMG_5887.jpg,stage_lighting,,
I35,Batches/IMG_5901.jpg,stage_lighting,,
I36,Batches/IMG_5902.jpg,stage_lighting,,
I37,Batches/IMG_5904.jpg,stage_lighting,,
I38,Batches/IMG_5906.jpg,stage_lighting,,
I39,Batches/IMG_5908.jpg,stage_lighting,,
I40,Batches/IMG_5910.jpg,stage_lighting,,
I41,Batches/IMG_5911.jpg,stage_lighting,,
I42,Batches/IMG_5913.jpg,stage_lighting,,
I43,Batches/IMG_5915.jpg,stage_lighting,,
I44,Batches/IMG_5917.jpg,stage_lighting,,
I45,Batches/IMG_5918.jpg,stage_lighting,,
I46,Batches/IMG_5919.jpg,stage_lighting,,
I47,Batches/IMG_5925.jpg,stage_lighting,,
I48,Batches/IMG_5999.PNG,,wedding_social,
I49,Batches/IMG_6001.PNG,,wedding_social,
I50,Batches/IMG_6010.PNG,,wedding_social,
I51,Batches/IMG_6012.PNG,gobo_atmosphere,wedding_social,
I52,Batches/IMG_6016.PNG,gobo_atmosphere,wedding_social,
I53,Batches/IMG_6017.PNG,gobo_atmosphere,wedding_social,
I54,Batches/IMG_6790.PNG,laser_skybeams,,
I55,Batches/IMG_6870.jpg,gobo_atmosphere,,
I56,Batches/IMG_7026.jpg,laser_skybeams,,
I57,Batches/IMG_7069.JPG,laser_skybeams,,
I58,Batches/IMG_7091.jpg,laser_skybeams,,
I59,Batches/IMG_7099.jpg,laser_skybeams,,
I60,Batches/IMG_7381.jpg,,wedding_social,
I61,Batches/IMG_7383.jpg,,wedding_social,
I62,Batches/IMG_7394.jpg,,wedding_social,
I63,Batches/IMG_7399.jpg,,wedding_social,
I64,Batches/IMG_7404.jpg,,wedding_social,
I65,Batches/IMG_7405.jpg,,wedding_social,
I66,Batches/IMG_7409.jpg,,wedding_social,
I67,Batches/IMG_7410.jpg,,wedding_social,
I68,Batches/IMG_7412.jpg,,wedding_social,
I69,Batches/IMG_7413.jpg,,wedding_social,
I70,Batches/IMG_7425.jpg,,wedding_social,
I71,Batches/IMG_7426.jpg,,wedding_social,
I72,Batches/IMG_7567.jpg,,cultural_national,
I73,Batches/IMG_7642.jpg,,cultural_national,
I74,Batches/IMG_7648.jpg,,cultural_national,
I75,Batches/IMG_7684.jpg,laser_skybeams,wedding_social,
I76,Batches/IMG_7693.jpg,laser_skybeams,wedding_social,
I77,Batches/IMG_7702.jpg,pyro_effects,wedding_social,
I78,Batches/IMG_7703.jpg,pyro_effects,wedding_social,
I79,Batches/IMG_7704(1).jpg,pyro_effects,wedding_social,
I80,Batches/IMG_7959.jpg,,,
I81,Batches/IMG_8088.jpg,laser_skybeams,,
I82,Batches/IMG_8090.jpg,laser_skybeams,,
I83,Batches/IMG_8095.jpg,laser_skybeams,,
I84,Batches/IMG_8102.jpg,laser_skybeams,,
I85,Batches/IMG_8219.jpg,laser_skybeams,corporate,
I86,Batches/IMG_8221.jpg,laser_skybeams|led_screens,corporate,
I87,Batches/IMG_8223(1).jpg,laser_skybeams|led_screens,corporate,
I88,Batches/IMG_8225(1).jpg,laser_skybeams,corporate,
I89,Batches/IMG_8227.jpg,laser_skybeams,corporate,
I90,Batches/IMG_8322.JPG,,corporate,
I91,Batches/IMG_8325(1).JPG,,corporate,
I92,Batches/IMG_8523.jpg,,,
I93,Batches/IMG_8524.jpg,,,
I94,Batches/IMG_8569.jpg,mapping_projection,,
I95,Batches/IMG_8570.jpg,mapping_projection,,
I96,Batches/IMG_8571.jpg,mapping_projection,,
I97,Batches/IMG_8572.jpg,mapping_projection,,
I98,Batches/IMG_8589.jpg,mapping_projection,,
I99,Batches/IMG_8590.jpg,mapping_projection,,
I100,Batches/IMG_8591.jpg,mapping_projection,,
I101,Batches/IMG_8592(1).jpg,mapping_projection,,
I102,Batches/IMG_8596.jpg,led_screens,,
I103,Batches/IMG_8670.jpg,,,
I104,Batches/IMG_8748.jpg,led_screens|pyro_effects,corporate,
I105,Batches/IMG_9065.jpg,,launch_activation,
I106,Batches/IMG_9449.jpg,,launch_activation,
I107,Batches/IMG_9450.jpg,,launch_activation,
I108,Batches/IMG_9451.jpg,,launch_activation,
I109,Batches/IMG_9452.jpg,,launch_activation,
I110,Batches/IMG_9462.jpg,,launch_activation,
I111,Batches/IMG_9463.jpg,,launch_activation,
I112,Batches/IMG_9465.jpg,,launch_activation,
I113,Batches/IMG_9471.jpg,,launch_activation,
I114,Batches/IMG_9501.jpg,gobo_atmosphere,wedding_social,
I115,Batches/IMG_9687.jpg,mapping_projection,,
I116,Batches/IMG_9690.jpg,mapping_projection,wedding_social,
I117,Batches/dbcf6a64-3403-4fdf-8c89-af173b08991d(1).JPG,led_screens,corporate,
I118,Batches/f07e7941-b038-471f-97ee-31929c432724.JPG,laser_skybeams,,
I119,Batches/f27e8a0b-7e1c-4834-aec8-a1cb0eb112ab.JPG,gobo_atmosphere,wedding_social,
I120,Batches/f91be56b-4ad1-4669-8543-ec711219ed92.JPG,,,
V0,Batches/#U0662#U0660#U0662#U0666#U0660#U0667#U0660#U0668_#U0660#U0661#U0660#U0665#U0661#U0668.MP4,,,
V1,Batches/#U0662#U0660#U0662#U0666#U0660#U0667#U0660#U0668_#U0660#U0661#U0660#U0666#U0664#U0667.MP4,,,
V2,Batches/#U0662#U0660#U0662#U0666#U0660#U0667#U0660#U0668_#U0660#U0661#U0660#U0669#U0663#U0665.MP4,,,
V3,Batches/#U0662#U0660#U0662#U0666#U0660#U0667#U0660#U0668_#U0660#U0661#U0661#U0665#U0663#U0667.MP4,gobo_atmosphere,,
V4,Batches/#U0662#U0660#U0662#U0666#U0660#U0667#U0660#U0668_#U0660#U0661#U0662#U0664#U0660#U0668.MP4,,,
V5,Batches/0824d13b-0273-42a9-bd9d-8bd34a9c7100.MP4,,,
V6,Batches/12-6 TC Final Video.mov,,,
V7,Batches/2342da6fe936482da8fa52b78a6f8e44.MOV,,,
V8,Batches/3a8b40fedd95401883ac8ac713ea020b.MOV,gobo_atmosphere,,
V9,Batches/68b9cb48-f869-4b50-aa54-5ac8c7c334e5.MP4,mapping_projection,,
V10,Batches/AE4B7FB8-66A7-4D0E-9E2C-8CB9A75586AE.MP4,gobo_atmosphere,,
V11,Batches/BFF12A16-3D39-48F5-A003-8EA1ABDCE154.MP4,,,
V12,Batches/IMG_0032.MOV,stage_lighting,,
V13,Batches/IMG_0042.MOV,stage_lighting,,
V14,Batches/IMG_0043.MOV,stage_lighting,,
V15,Batches/IMG_0047.MOV,stage_lighting,,
V16,Batches/IMG_0049.MOV,stage_lighting,,
V17,Batches/IMG_0122.MOV,,,
V18,Batches/IMG_0123.MOV,,,
V19,Batches/IMG_0130.MOV,,,
V20,Batches/IMG_0133.MOV,,,
V21,Batches/IMG_0135.MOV,,,
V22,Batches/IMG_0139.MOV,,,
V23,Batches/IMG_0311.MOV,laser_skybeams,launch_activation,
V24,Batches/IMG_1377.MOV,,,
V25,Batches/IMG_1379.MOV,,,
V26,Batches/IMG_3140.MOV,laser_skybeams,cultural_national,
V27,Batches/IMG_3168.MOV,led_screens,cultural_national,
V28,Batches/IMG_3183.mov,led_screens,cultural_national,
V29,Batches/IMG_3184.MOV,led_screens,cultural_national,
V30,Batches/IMG_3912.MOV,,wedding_social,
V31,Batches/IMG_3913.MOV,,wedding_social,
V32,Batches/IMG_4364.MOV,stage_lighting,,
V33,Batches/IMG_4368(1).MOV,stage_lighting,,
V34,Batches/IMG_4368.MOV,stage_lighting,,
V35,Batches/IMG_4581.MOV,,,
V36,Batches/IMG_4582.MOV,,,
V37,Batches/IMG_5860.MOV,stage_lighting,,
V38,Batches/IMG_5865.MOV,stage_lighting,,
V39,Batches/IMG_5969.MOV,mapping_projection,,
V40,Batches/IMG_6936.MOV,,,
V41,Batches/IMG_7094.MOV,,,
V42,Batches/IMG_7391.MOV,,wedding_social,
V43,Batches/IMG_7406.MOV,,wedding_social,
V44,Batches/IMG_7407(1).MOV,,wedding_social,
V45,Batches/IMG_7407.MOV,,wedding_social,
V46,Batches/IMG_7408.MOV,,wedding_social,
V47,Batches/IMG_7411.MOV,,wedding_social,
V48,Batches/IMG_7427.MOV,,wedding_social,
V49,Batches/IMG_7428.MOV,,wedding_social,
V50,Batches/IMG_7433.MOV,,wedding_social,
V51,Batches/IMG_7435.MOV,gobo_atmosphere,,
V52,Batches/IMG_7647.MOV,,cultural_national,
V53,Batches/IMG_7660.MOV,,cultural_national,
V54,Batches/IMG_7666.MOV,mapping_projection,cultural_national,
V55,Batches/IMG_7698(1).MOV,laser_skybeams,,
V56,Batches/IMG_7698.MOV,laser_skybeams,,
V57,Batches/IMG_7699.MOV,,,
V58,Batches/IMG_7705.MOV,pyro_effects,wedding_social,
V59,Batches/IMG_7791.MOV,gobo_atmosphere,,
V60,Batches/IMG_7821.MOV,,,
V61,Batches/IMG_7950.MOV,,,
V62,Batches/IMG_7951.MOV,,cultural_national,
V63,Batches/IMG_8087.MOV,laser_skybeams,,
V64,Batches/IMG_8103.MOV,laser_skybeams,,
V65,Batches/IMG_8211.MOV,laser_skybeams,,mostly dark
V66,Batches/IMG_8212.MOV,laser_skybeams,corporate,
V67,Batches/IMG_8213.MOV,laser_skybeams,corporate,
V68,Batches/IMG_8217.MOV,laser_skybeams,corporate,
V69,Batches/IMG_8220.MOV,laser_skybeams,corporate,
V70,Batches/IMG_8222.MOV,laser_skybeams,corporate,
V71,Batches/IMG_8224.MOV,laser_skybeams,corporate,
V72,Batches/IMG_8230.MOV,laser_skybeams,corporate,
V73,Batches/IMG_8232.MOV,laser_skybeams|led_screens|pyro_effects,corporate,
V74,Batches/IMG_8235.MOV,laser_skybeams,,
V75,Batches/IMG_8236(1).MOV,laser_skybeams,,
V76,Batches/IMG_8236.MOV,laser_skybeams,,
V77,Batches/IMG_8306.MOV,led_screens,corporate,
V78,Batches/IMG_8672.MOV,,wedding_social,
V79,Batches/IMG_8679.MOV,,wedding_social,
V80,Batches/IMG_9120.MOV,laser_skybeams,launch_activation,
V81,Batches/IMG_9331.MOV,gobo_atmosphere,,
V82,Batches/IMG_9333.MOV,gobo_atmosphere,,
V83,Batches/IMG_9453.MOV,,launch_activation,
V84,Batches/IMG_9466.MOV,laser_skybeams,launch_activation,
V85,Batches/IMG_9470.MOV,,launch_activation,
V86,Batches/IMG_9500.MOV,gobo_atmosphere,wedding_social,
V87,Batches/IMG_9505.MOV,gobo_atmosphere,wedding_social,
V88,Batches/IMG_9529.MOV,stage_lighting,wedding_social,
V89,Batches/IMG_9622.MOV,,wedding_social,
V90,Batches/IMG_9626.MOV,stage_lighting,wedding_social,
V91,Batches/IMG_9688.MOV,stage_lighting,,
V92,Batches/IMG_9689.MOV,stage_lighting,,
V93,Batches/IMG_9982.MOV,led_screens,corporate,
V94,Batches/Promo (Succession).MP4,,,
V95,Batches/Ras Al Khaimah Long.MP4,,,
V96,Batches/September Promo.MP4,,,keep only as internal reference (has EchoLight end-card)
V97,Batches/e1cdc248706e4306a9499e3d8a06bb4d.MOV,,launch_activation,
V98,Batches/f053865f-7082-4f1f-bc2c-24983347b54d.MP4,,,
V99,Batches/vidssave.com Musion Events - Behind the Scenes Musion Holographic Demonstration 720P.MP4,led_screens,,third-party hologram/branding - verify rights
