file,kind,mb,w,h,dur,codec,fps,audio,created,md5
Batches/#U0662#U0660#U0662#U0666#U0660#U0667#U0660#U0668_#U0660#U0661#U0660#U0665#U0661#U0668.MP4,video,27.95,2160,3840,7.6,hevc,30/1,True,2026-07-07T21:05:28.000000Z,fd43d82bb370f39cb5353447407990cf
Batches/#U0662#U0660#U0662#U0666#U0660#U0667#U0660#U0668_#U0660#U0661#U0660#U0666#U0664#U0667.MP4,video,21.73,2160,3840,5.9,hevc,30/1,True,2026-07-07T21:06:55.000000Z,34df32ab99f65523e62cbdfa8ec6152e
Batches/#U0662#U0660#U0662#U0666#U0660#U0667#U0660#U0668_#U0660#U0661#U0660#U0669#U0663#U0665.MP4,video,28.47,2160,3840,7.8,hevc,30/1,True,2026-07-07T21:09:44.000000Z,614fc0e4201fdc7760d529be51f48dc2
Batches/#U0662#U0660#U0662#U0666#U0660#U0667#U0660#U0668_#U0660#U0661#U0661#U0665#U0663#U0667.MP4,video,22.62,2160,3840,6.1,hevc,30/1,True,2026-07-07T21:15:45.000000Z,34e02595e308c34938ecee0471d0846c
Batches/#U0662#U0660#U0662#U0666#U0660#U0667#U0660#U0668_#U0660#U0661#U0662#U0664#U0660#U0668.MP4,video,18.13,2160,3840,4.9,hevc,30/1,True,2026-07-07T21:24:14.000000Z,d0857b690cf506256de4c2958653e586
Batches/03b94221-49ba-4ae9-a543-31e267173d64.JPG,image,1.94,3120,4160,0.0,mjpeg,25/1,False,,7a048e73dd521b20670c43303c718fdb
Batches/07efce5e-2166-4e55-b4a2-4d4e24fbe019.JPG,image,0.21,1280,720,0.0,mjpeg,25/1,False,,9436abb66aaee40e077b2de73de590e4
Batches/0824d13b-0273-42a9-bd9d-8bd34a9c7100.MP4,video,6.3,1280,720,14.6,h264,30/1,True,2026-10-10T17:13:34.000000Z,8150f2d06aa12309239581d1f1459966
Batches/0afa778d-67aa-466f-9f27-5f1e197957b8.JPG,image,1.21,3000,4000,0.0,mjpeg,25/1,False,,c30fe25fb67b5a39b1e22ad6506a13ee
Batches/10dea1aa-0d65-4b01-a728-4f7ef0189bd6(1).MP4,video,13.81,480,848,87.8,h264,30/1,True,,a6b955b5d38bf712da647cfe10b6a5ef
Batches/10dea1aa-0d65-4b01-a728-4f7ef0189bd6.MP4,video,13.81,480,848,87.8,h264,30/1,True,,a6b955b5d38bf712da647cfe10b6a5ef
Batches/12-6 TC Final Video.mov,video,456.45,1936,1080,163.1,h264,120/1,True,2026-08-19T11:12:00.000000Z,d8993752ad2ca1d6fac904588bb52670
Batches/2342da6fe936482da8fa52b78a6f8e44.MOV,video,21.59,1080,1920,13.2,h264,30/1,True,2025-12-12T07:33:04.000000Z,842c3db723042d782062904c80c1a190
Batches/237802c9-1f51-443f-8126-2cf74d605618.JPG,image,0.28,1600,900,0.0,mjpeg,25/1,False,,7698778a829e3d099e8eddd9fa748ce9
Batches/3a8b40fedd95401883ac8ac713ea020b.MOV,video,67.23,2160,3840,19.7,h264,30/1,True,2026-10-10T16:40:55.000000Z,ed2070e59b5d14171bd2e2064ea4b17c
Batches/3d78511b-dd6d-4ff3-8ccc-cd1f80bc9757.JPG,image,1.4,3000,4000,0.0,mjpeg,25/1,False,,50f68cbf055e895e4a9fda975c23e5c9
Batches/3f881524-af58-4620-9154-738ccb1cb2a7.MP4,video,2.5,478,850,13.9,h264,30/1,True,2026-10-10T17:00:49.000000Z,28af024f3e95405f80868dd56ee97a9a
Batches/410c2fc0-4500-404d-a76f-a7fbac63fc71.MP4,video,2.97,478,850,16.9,h264,30/1,True,2026-10-10T16:41:09.000000Z,221f98efc46de3758b77e10a28c30db7
Batches/47432530-7557-4fd4-af34-966b8538c80e(1).MP4,video,10.23,480,848,64.6,h264,30/1,True,,a8687c15860eeca336a757d7aae84e22
Batches/47432530-7557-4fd4-af34-966b8538c80e.MP4,video,10.23,480,848,64.6,h264,30/1,True,,a8687c15860eeca336a757d7aae84e22
Batches/4c952f5a-2ce2-411f-b988-be0587cd2015.MP4,video,7.66,480,848,49.4,h264,25/1,True,,a1740e0ca68611164c0a83c3bc58710a
Batches/526cb173-b8bb-4fc9-8a18-56d8fd1f0c1b.MP4,video,27.18,478,850,143.3,h264,30/1,True,2026-10-10T16:59:29.000000Z,c5c336d498bc1d45428b61e787327d9e
Batches/5918be7f-8906-48fa-9d42-22cd538c4694.JPG,image,0.19,1600,1200,0.0,mjpeg,25/1,False,,831a015a952936310b5188273237df4b
Batches/5934fd05-de7c-407e-9ada-fa2a78b12904.MP4,video,5.79,478,850,26.9,h264,30/1,True,2026-10-10T17:00:51.000000Z,900356e097d2b207ee6f84c1d9721115
Batches/5b5d56c6-dfa5-483f-b633-61301c0b5ff9.JPG,image,0.15,820,1600,0.0,mjpeg,25/1,False,,a894a9178552694a8a2a12a7b160f5f0
Batches/5bb52ed8-12e7-48f8-9c1f-428f0b454a5b.MP4,video,6.3,848,480,41.3,h264,25/1,True,2026-10-10T17:13:35.000000Z,8b7e1741b5f5cba33273f0f5e7f1d6b4
Batches/5e24a458-c7fe-4baf-843e-d39dfe846f98.MP4,video,6.52,576,1024,29.0,h264,30/1,True,2026-10-10T17:13:34.000000Z,0c33039f1299c847212c407580f557af
Batches/5e328a42-f4fc-4753-ad49-56710a3457c5.JPG,image,0.26,1280,852,0.0,mjpeg,25/1,False,,ace7f1f7f8b61e5c1b3fd735fe01a63e
Batches/61f9a95c-debd-4dbc-b037-c52e9c58a05e.JPG,image,0.11,590,1280,0.0,mjpeg,25/1,False,,540a159c9c9482f2b3fbf6dadb44a9d0
Batches/629be72c-32c7-47d2-9678-b31e9b1c5b86.MP4,video,3.4,478,850,15.7,h264,30/1,True,2026-10-10T17:00:49.000000Z,55bf3bb52e1aaff770da225b972e83c9
Batches/6537bbf9-b94e-47d3-8419-1a51cbc94008.MP4,video,9.16,480,848,59.2,h264,30/1,True,,d9919e21e14abf0785bcf6fcff997737
Batches/67878d5a-2b2c-4587-ae14-8ac9dde766cf.MP4,video,7.19,848,478,37.9,h264,30/1,True,2026-10-10T17:00:51.000000Z,0c9ab98035150a2e233d667847cf51fc
Batches/67f5c228-1a6d-4300-82b2-d794875ff0f2.MP4,video,12.63,848,478,69.0,h264,30/1,True,2026-10-10T17:00:51.000000Z,5de759e541ad960548540af4b5f2008d
Batches/68b9cb48-f869-4b50-aa54-5ac8c7c334e5.MP4,video,49.88,720,1280,142.0,h264,30000/1001,True,,764d3c70ca57bb724251dda20944a9d1
Batches/69ab8b48-8710-4cba-8a30-88eec5536156.JPG,image,0.1,1024,1600,0.0,mjpeg,25/1,False,,003f491beb73aa9d3bd147826fb69e69
Batches/6b38bf1b-9af9-49a5-a377-f882e2775ad9.JPG,image,1.11,4160,3120,0.0,mjpeg,25/1,False,,638d55f55112ff559d5b8fdb3567a96b
Batches/7185347b-6857-4e73-8782-0d14a396c055.JPG,image,0.27,1200,1600,0.0,mjpeg,25/1,False,,436743e73dff112cf638ab4fbc7b1154
Batches/8346c5bb-8148-42ed-9357-164457f41419.JPG,image,0.04,589,1280,0.0,mjpeg,25/1,False,,ffec2bdf9923617850bfc10ed273e0b5
Batches/8805f0b4-fba3-40a8-8e6c-1c09f2a4910b(1).MOV,video,2.27,480,848,14.0,h264,30/1,True,2026-10-10T17:00:51.000000Z,23b75b74adf43075c1a36c78c1fc64df
Batches/8805f0b4-fba3-40a8-8e6c-1c09f2a4910b(2).MOV,video,1.43,480,848,10.4,h264,30/1,True,2026-10-10T17:00:51.000000Z,dc173fabc73026b1057df730945dff70
Batches/8805f0b4-fba3-40a8-8e6c-1c09f2a4910b.MOV,video,2.55,480,848,15.7,h264,30/1,True,2026-10-10T17:00:50.000000Z,b62dc2dbd0da5347666c7823110ab5e5
Batches/8805f0b4-fba3-40a8-8e6c-1c09f2a4910b.MP4,video,8.9,480,848,55.7,h264,30/1,True,2026-10-10T17:00:50.000000Z,cd30006d6ec8f126ff0d22004976f088
Batches/93efc2d9-53dd-44a9-b39b-7c34d2a8b28c.MP4,video,5.05,478,850,26.6,h264,25/1,True,2026-10-10T17:00:49.000000Z,95e8ce5849ee24b1ec40f8719fb2c25c
Batches/954cb9be-3985-4035-aa2c-e449a3958d90.JPG,image,1.17,3000,4000,0.0,mjpeg,25/1,False,,a8c3d47f4f23f25f894a419507961959
Batches/9850db76-55e4-48e3-b7ae-7e25a74e0235.JPG,image,0.15,1024,1536,0.0,mjpeg,25/1,False,,6c75ceaa96c100a81c8727a5b42f0d6b
Batches/A Creative Event -  Laser mapping on Video wall in AntalyaClient- @invictus.event We would like .MP4,video,2.75,640,360,57.5,h264,30/1,True,,f173751f858db8c3d8448c931848715a
Batches/AE4B7FB8-66A7-4D0E-9E2C-8CB9A75586AE.MP4,video,11.54,1080,1920,6.0,h264,30/1,True,2026-10-10T16:40:26.000000Z,3cb476c47f5fa006d5642060bd66a74c
Batches/BFF12A16-3D39-48F5-A003-8EA1ABDCE154.MP4,video,14.4,1080,1920,7.5,h264,30/1,True,2026-10-10T17:13:21.000000Z,c32b484a985f5355e400b7eec993bdaa
Batches/IMG_0032.MOV,video,9.12,1080,1920,3.0,h264,60/1,True,2026-08-01T11:55:35.000000Z,fc79a3919e03f9c288bcde78f0a0bf5c
Batches/IMG_0041.JPG,image,3.92,5712,4284,0.0,mjpeg,25/1,False,,fde4d858c2a875b245aafed105ff86b7
Batches/IMG_0042.MOV,video,42.56,1080,1920,14.3,h264,60/1,True,2026-08-01T12:00:05.000000Z,07c802dd2bcaad4ef9f42fc57e5c8dc4
Batches/IMG_0043.MOV,video,37.59,1080,1920,12.7,h264,60/1,True,2026-08-01T12:00:39.000000Z,4cee227675e6e2a0d826ad61ad3e6d0b
Batches/IMG_0047.MOV,video,15.61,1080,1920,5.2,h264,60/1,True,2026-08-01T12:01:37.000000Z,c5a5f5f610b29ea347cd4d6dab77f2ea
Batches/IMG_0049.MOV,video,16.72,1080,1920,5.6,h264,60/1,True,2026-08-01T12:02:18.000000Z,826cbba09742c80ce0d824627414e886
Batches/IMG_0122.MOV,video,26.89,1080,1920,8.9,h264,60/1,True,2026-08-08T17:51:02.000000Z,12ce6b15fd5233549f7bb14f36eab89d
Batches/IMG_0123.MOV,video,25.83,1080,1920,8.6,h264,60/1,True,2026-08-08T18:35:01.000000Z,534e98356edfe51aeb356fe82700ce6d
Batches/IMG_0124.JPG,image,3.53,5712,4284,0.0,mjpeg,25/1,False,,2a3a1158557a8cff16cdf926db4b11e6
Batches/IMG_0130.MOV,video,25.25,1080,1920,8.4,h264,60000/1001,True,2026-08-08T18:37:04.000000Z,362e12d2117e958bd739dcf17541b6c9
Batches/IMG_0133.MOV,video,18.78,1080,1920,6.3,h264,60/1,True,2026-08-08T18:39:14.000000Z,4684f33c58326f535adb7e88e7190cda
Batches/IMG_0135.MOV,video,19.31,1080,1920,6.5,h264,60/1,True,2026-08-08T18:39:34.000000Z,eb319981eaa08c56c07339bc57055343
Batches/IMG_0139.MOV,video,21.62,1080,1920,7.2,h264,60/1,True,2026-08-08T18:46:26.000000Z,cfb214346199fca73869f7229febdc0f
Batches/IMG_0160.jpg,image,0.32,1179,702,0.0,mjpeg,25/1,False,,90fdaed2bdd2fed798428d39ffb00e33
Batches/IMG_0305.JPG,image,3.83,5712,4284,0.0,mjpeg,25/1,False,,414f832dfd484f86b854cdb472706efa
Batches/IMG_0311.MOV,video,41.03,1080,1920,13.8,h264,60/1,True,2026-09-01T21:33:56.000000Z,491cea725aefc85dbb9462c516875d5c
Batches/IMG_1122.PNG,image,0.41,1600,873,0.0,png,25/1,False,,9295cf7b459e9de36136bf481568aed1
Batches/IMG_1123.JPG,image,0.11,800,423,0.0,mjpeg,25/1,False,,1fdf7882ce3bf69fd7b879d168ed87c6
Batches/IMG_1124.JPG,image,0.26,1150,550,0.0,mjpeg,25/1,False,,3bda70cd9fd891fe35446ac6ae340c06
Batches/IMG_1125.JPG,image,0.13,955,419,0.0,mjpeg,25/1,False,,bc4a8ab8d4a95859ec1da32b5901a33b
Batches/IMG_1377.MOV,video,24.78,3840,2160,7.7,h264,30/1,True,2026-10-10T16:39:20.000000Z,d9b61f3f520287b9f35fff7e4b3be80d
Batches/IMG_1379.MOV,video,14.44,3840,2160,4.4,h264,30/1,True,2026-10-10T16:39:26.000000Z,22c2f5d0bf8320ceaa44dce336641acd
Batches/IMG_1383.jpg,image,4.41,5712,4284,0.0,mjpeg,25/1,False,,ca5880c33156da37511694a4a1eb4ed2
Batches/IMG_2204.jpg,image,1.13,2087,1179,0.0,mjpeg,25/1,False,,6a7050251d212f0704532b7b03923457
Batches/IMG_3121.jpg,image,7.56,5712,4284,0.0,mjpeg,25/1,False,,3c88be6bbfbafcf67ca969b7d35942ff
Batches/IMG_3140.MOV,video,19.69,2160,3840,6.4,h264,30/1,True,2026-10-10T16:39:29.000000Z,76269f9aa144832f6a59d87b6d682366
Batches/IMG_3141.jpg,image,1.32,4032,3024,0.0,mjpeg,25/1,False,,759afdb50f44883530a327857916fed7
Batches/IMG_3155.jpg,image,5.07,5712,4284,0.0,mjpeg,25/1,False,,89ad5546fd59623912e5ae6e4b3b8594
Batches/IMG_3168.MOV,video,29.7,2160,3840,9.4,h264,30/1,True,2026-10-10T16:39:33.000000Z,f30a88aa0324c1f255be6d2c512ddb9c
Batches/IMG_3183.mov,video,23.36,1920,1080,13.0,h264,30/1,True,2026-10-10T16:39:40.000000Z,5ce542668dfd40c8decf28ac0c51884f
Batches/IMG_3184.MOV,video,19.72,2160,3840,5.9,h264,30/1,True,2026-10-10T16:39:42.000000Z,d4fd7e0c960c588e24b5459518566c63
Batches/IMG_3912.MOV,video,30.83,2160,3840,9.6,h264,30/1,True,2026-10-10T16:39:46.000000Z,8edec68b632d900e6a81877407b17fe4
Batches/IMG_3913.MOV,video,48.47,2160,3840,15.3,h264,30/1,True,2026-10-10T16:39:53.000000Z,9ab471524ab1a6678cb62e79e24224f6
Batches/IMG_4364.MOV,video,19.86,2160,3840,6.2,h264,30/1,True,2026-10-10T16:40:03.000000Z,e5b5fd4ef761bb64710c0418c063ee0e
Batches/IMG_4368(1).MOV,video,21.38,2160,3840,6.7,h264,30/1,True,2026-10-10T16:40:12.000000Z,5faea9f8de41a314f3f1f279b76405fd
Batches/IMG_4368.MOV,video,21.38,2160,3840,6.7,h264,30/1,True,2026-10-10T16:40:07.000000Z,8e3e605dc38a9010aee7e213cfa1f4cc
Batches/IMG_4581.MOV,video,18.33,2160,3840,5.7,h264,30/1,True,2026-10-10T16:40:17.000000Z,544dda83d2ee84ada3eeb301a6c693f4
Batches/IMG_4582.MOV,video,27.0,2160,3840,8.4,h264,30/1,True,2026-10-10T16:40:21.000000Z,f08841cf51c2958f1675e53e53cac4ff
Batches/IMG_5422.jpg,image,5.4,5712,4284,0.0,mjpeg,25/1,False,,b41926bdcbb9eee23dd692e04965f502
Batches/IMG_5423.jpg,image,5.25,5712,4284,0.0,mjpeg,25/1,False,,d70139b797842a8683d118df6fd1ba6f
Batches/IMG_5435.jpg,image,2.07,4032,3024,0.0,mjpeg,25/1,False,,f852ef887978d667ffd697e531dcb854
Batches/IMG_5445.jpg,image,2.96,4032,3024,0.0,mjpeg,25/1,False,,a09d0c54b12536209263bbf6e955b886
Batches/IMG_5491.jpg,image,2.25,1179,2073,0.0,mjpeg,25/1,False,,d4268bdd1583846e17418f87c232c05d
Batches/IMG_5635.jpg,image,4.35,5712,4284,0.0,mjpeg,25/1,False,,f610202f4584fb73b6ddaae44e16704e
Batches/IMG_5663.jpg,image,5.09,5712,4284,0.0,mjpeg,25/1,False,,56835db5d9b75e6eabd077d8a756d0f2
Batches/IMG_5698.jpg,image,4.74,5712,4284,0.0,mjpeg,25/1,False,,2523e8e89913943a602a276d003ad26d
Batches/IMG_5860.MOV,video,18.05,2160,3840,5.6,h264,30/1,True,2026-10-10T16:40:29.000000Z,2628b26791167c310778d90f30a1bf27
Batches/IMG_5862.jpg,image,4.23,5712,4284,0.0,mjpeg,25/1,False,,26a2e263c128d6acfde6cd785affa27b
Batches/IMG_5865.MOV,video,222.19,1080,1920,117.9,h264,24000/1001,True,2026-10-10T16:40:33.000000Z,54db628104c557c92b7b7ccdb3900636
Batches/IMG_5877.jpg,image,0.97,1980,3520,0.0,mjpeg,25/1,False,,5c18b189727f80c8a8d2c2aba797f612
Batches/IMG_5887.jpg,image,0.34,1980,3520,0.0,mjpeg,25/1,False,,bfe60018ac1242283fa47161897e7b42
Batches/IMG_5901.jpg,image,0.63,1980,3520,0.0,mjpeg,25/1,False,,d6039974dbfb523f00d58fb432a7f5ad
Batches/IMG_5902.jpg,image,0.6,1980,3520,0.0,mjpeg,25/1,False,,435cdd4d74a801f1c75980746a10c8ed
Batches/IMG_5904.jpg,image,0.7,1980,3520,0.0,mjpeg,25/1,False,,9871c4970cf06cc8727ab4dbc90b1daa
Batches/IMG_5906.jpg,image,0.92,1980,3520,0.0,mjpeg,25/1,False,,e78d85f353200341e77aa6df2eda03e2
Batches/IMG_5908.jpg,image,0.29,1980,3520,0.0,mjpeg,25/1,False,,8027c9397c975bbc20274399ee780beb
Batches/IMG_5910.jpg,image,0.55,1980,3520,0.0,mjpeg,25/1,False,,0d90b6ea3d612dca466b533d198b8d01
Batches/IMG_5911.jpg,image,1.16,1980,3520,0.0,mjpeg,25/1,False,,2dd2a89a78d5c69a1f2e9f8b0bef9a66
Batches/IMG_5913.jpg,image,1.35,1980,3520,0.0,mjpeg,25/1,False,,7353c4a6ff0feb00fef48c52c47e81f1
Batches/IMG_5915.jpg,image,0.88,1980,3520,0.0,mjpeg,25/1,False,,0f6364ac0210f7c4d60a0473ba0b19d8
Batches/IMG_5917.jpg,image,1.35,1980,3520,0.0,mjpeg,25/1,False,,1b97faca80675ed29fb1cffbc38c0cc2
Batches/IMG_5918.jpg,image,1.17,1980,3520,0.0,mjpeg,25/1,False,,72ff50d5e6c47ecffea69f62f921f8f2
Batches/IMG_5919.jpg,image,1.1,1980,3520,0.0,mjpeg,25/1,False,,1e4982b93bf5879eb4437675e21a2b15
Batches/IMG_5925.jpg,image,1.34,1980,3520,0.0,mjpeg,25/1,False,,53e60cc46dcb9eb63fac4b0e9b4bf23f
Batches/IMG_5969.MOV,video,70.7,1920,1080,37.0,h264,30/1,True,2026-08-02T13:50:05Z,5cbd24d5fdb85847ee8a7be4bf418439
Batches/IMG_5999.PNG,image,25.18,6720,4480,0.0,png,25/1,False,,767aec4d3f8e69f2f1d07d5dd8e16afe
Batches/IMG_6001.PNG,image,23.83,6720,4480,0.0,png,25/1,False,,e2fda30fbb45500a78276d15e88a6b47
Batches/IMG_6010.PNG,image,22.56,4480,6720,0.0,png,25/1,False,,367ffca5aa7fb222fb056c7f9e606d66
Batches/IMG_6012.PNG,image,20.62,6720,4480,0.0,png,25/1,False,,adcf72412799d138071ac7ae4c756453
Batches/IMG_6016.PNG,image,25.21,6720,4480,0.0,png,25/1,False,,6e71c8287768e94e0dbd5490f7cc44d7
Batches/IMG_6017.PNG,image,27.49,6720,4480,0.0,png,25/1,False,,4f4e1e9187f10a982e4b229ffa97bf05
Batches/IMG_6134.jpg,image,0.82,1179,1166,0.0,mjpeg,25/1,False,,d92328207fc657981ae9bd3bbd6e0e61
Batches/IMG_6135.jpg,image,0.62,1179,1147,0.0,mjpeg,25/1,False,,335870e56e45e6362d074f44a69a82b2
Batches/IMG_6136.jpg,image,0.56,1179,1153,0.0,mjpeg,25/1,False,,b3c9ab50ba9898be240090155c98696b
Batches/IMG_6137.jpg,image,0.71,1179,1166,0.0,mjpeg,25/1,False,,08f48851a587cba8dcb9b5140953e2ef
Batches/IMG_6790.PNG,image,3.83,1179,2556,0.0,png,25/1,False,,97150201479a1f857d76ad67fe764bac
Batches/IMG_6870.jpg,image,1.35,2059,1177,0.0,mjpeg,25/1,False,,fc6ffc79b09d1a0158783101cdca9e22
Batches/IMG_6936.MOV,video,20.17,1080,1920,8.9,h264,30000/1001,True,2026-10-10T16:40:56.000000Z,21e78e6b3fd84ec1745d70b3c35498e6
Batches/IMG_7026.jpg,image,1.16,4032,3024,0.0,mjpeg,25/1,False,,2d0e43aa2edb9a9f51ac4eb30ab346c1
Batches/IMG_7069.JPG,image,2.39,4000,3000,0.0,mjpeg,25/1,False,,d305025919865f9aa002dc7af4c18573
Batches/IMG_7091.jpg,image,2.31,5712,4284,0.0,mjpeg,25/1,False,,0da9ead7f9217e54196acd8351fbefa4
Batches/IMG_7094.MOV,video,46.24,2160,3840,15.6,h264,30000/1001,True,2026-10-10T16:40:58.000000Z,81f08dc59d80691bd4def81ad5f131e8
Batches/IMG_7099.jpg,image,1.86,4032,3024,0.0,mjpeg,25/1,False,,cb157d481d2cf8a97da849e0f743683d
Batches/IMG_7381.jpg,image,2.73,4032,3024,0.0,mjpeg,25/1,False,,1650dd293118a0d23cbde8c1a5df494c
Batches/IMG_7383.jpg,image,4.87,5712,4284,0.0,mjpeg,25/1,False,,99a2c5cac2728164f45fdb51a04e3871
Batches/IMG_7391.MOV,video,11.88,1080,1920,4.0,h264,60/1,True,2026-10-10T16:59:07.000000Z,8f6b9d0c90d389560ee6a05423b3679d
Batches/IMG_7394.jpg,image,5.15,5712,4284,0.0,mjpeg,25/1,False,,4be75928769bd9560b5087630833252e
Batches/IMG_7399.jpg,image,4.52,5712,4284,0.0,mjpeg,25/1,False,,29b383668854164b7e934c8887ddb20d
Batches/IMG_7404.jpg,image,4.28,5712,4284,0.0,mjpeg,25/1,False,,ce33261ff8eeca6b06ac9e2a7980c4e7
Batches/IMG_7405.jpg,image,4.86,5712,4284,0.0,mjpeg,25/1,False,,94dcf387498c5ef66498576b62adfdfa
Batches/IMG_7406.MOV,video,8.21,1080,1920,2.7,h264,60/1,True,2026-10-10T16:59:09.000000Z,6987e9b72d88a2cedbd375e05d3141d5
Batches/IMG_7407(1).MOV,video,21.33,1080,1920,7.3,h264,60/1,True,2026-10-10T16:59:13.000000Z,e0df0553885369a932fe23c07d943541
Batches/IMG_7407.MOV,video,21.33,1080,1920,7.3,h264,60/1,True,2026-10-10T16:59:10.000000Z,0e5709d53a40701855aad34cee827809
Batches/IMG_7408.MOV,video,15.88,1080,1920,5.4,h264,60/1,True,2026-10-10T16:59:16.000000Z,4697bf6008b6193261b8a2b893d38682
Batches/IMG_7409.jpg,image,4.32,5712,4284,0.0,mjpeg,25/1,False,,5506ec849ad3641b86e80ed91fdc9d3f
Batches/IMG_7410.jpg,image,4.85,5712,4284,0.0,mjpeg,25/1,False,,fbd76c9989efada75d3f318466ffff59
Batches/IMG_7411.MOV,video,17.41,1080,1920,5.9,h264,60/1,True,2026-10-10T16:59:18.000000Z,430d8c0f5efe14c6eb487297bbca374e
Batches/IMG_7412.jpg,image,4.12,5712,4284,0.0,mjpeg,25/1,False,,08f78bfd1068fb808ce1133518ef0f90
Batches/IMG_7413.jpg,image,4.11,5712,4284,0.0,mjpeg,25/1,False,,76cc96efb556599c5c2d7718c898f835
Batches/IMG_7425.jpg,image,4.68,5712,4284,0.0,mjpeg,25/1,False,,b7fcd6b83ab83b99c7a21f8b6aa9017c
Batches/IMG_7426.jpg,image,4.77,5712,4284,0.0,mjpeg,25/1,False,,732a63bf149783bf61c0810c5a18ae46
Batches/IMG_7427.MOV,video,16.0,1080,1920,5.4,h264,60/1,True,2026-10-10T16:59:21.000000Z,eb39df1e3addc9c72c2c668dbea28dd6
Batches/IMG_7428.MOV,video,17.08,1080,1920,5.8,h264,60/1,True,2026-10-10T16:59:23.000000Z,da3c0a782e8353f8ff3555581309715c
Batches/IMG_7433.MOV,video,10.89,1080,1920,3.7,h264,60/1,True,2026-10-10T16:59:26.000000Z,4e63594039dc9de600a87548dcf64c48
Batches/IMG_7435.MOV,video,16.52,1080,1920,5.7,h264,60/1,True,2026-10-10T16:59:27.000000Z,de609908fb8f40894ae7f457bfa25dab
Batches/IMG_7567.jpg,image,2.61,4032,3024,0.0,mjpeg,25/1,False,,44b4315f9a7165d643398865aef1bc18
Batches/IMG_7642.jpg,image,3.95,5712,4284,0.0,mjpeg,25/1,False,,f158a63b49ad7dfe1d465b2ae70068d3
Batches/IMG_7647.MOV,video,9.54,1080,1920,3.2,h264,60/1,True,2026-10-10T16:59:31.000000Z,d9981b03236e3ec7558049aabaf9c95e
Batches/IMG_7648.jpg,image,4.86,5712,4284,0.0,mjpeg,25/1,False,,4bd6fed49d15d438e7984186ba46456b
Batches/IMG_7660.MOV,video,17.1,1080,1920,5.8,h264,60/1,True,2026-10-10T16:59:32.000000Z,7fa81d91a3176b1cd44cafb5d6dad7b6
Batches/IMG_7666.MOV,video,85.47,1080,1920,29.3,h264,60/1,True,2026-10-10T16:59:34.000000Z,e350cef7c016d34a122793ad4e68d55c
Batches/IMG_7684.jpg,image,4.68,5712,4284,0.0,mjpeg,25/1,False,,06368116c51e276406d636663d809c26
Batches/IMG_7693.jpg,image,3.9,5712,4284,0.0,mjpeg,25/1,False,,b5aad0b6aa5e41bf68e3353ef5e98f01
Batches/IMG_7698(1).MOV,video,15.3,1080,1920,7.9,h264,30/1,True,2026-10-10T16:59:47.000000Z,0f2f39eaa8423d253ea72cfff9b30240
Batches/IMG_7698.MOV,video,15.3,1080,1920,7.9,h264,30/1,True,2026-10-10T16:59:46.000000Z,e970c813ed46ed36803d7b6abdf63ae4
Batches/IMG_7699.MOV,video,14.68,1080,1920,7.5,h264,30/1,True,2026-10-10T16:59:49.000000Z,c69b61a5b1769001975756a88e6bb5b3
Batches/IMG_7702.jpg,image,6.12,5712,4284,0.0,mjpeg,25/1,False,,e69d38c0d8241de21e0a202e433da7d8
Batches/IMG_7703.jpg,image,5.56,5712,4284,0.0,mjpeg,25/1,False,,e9db3ee0591121bd5ec1d87171207c7c
Batches/IMG_7704(1).jpg,image,4.67,5712,4284,0.0,mjpeg,25/1,False,,058a446f3e4910540065d7ecac95a033
Batches/IMG_7704.jpg,image,4.67,5712,4284,0.0,mjpeg,25/1,False,,058a446f3e4910540065d7ecac95a033
Batches/IMG_7705.MOV,video,47.6,1080,1920,16.4,h264,60/1,True,2026-10-10T16:59:51.000000Z,2facd0a9084bd050aa1db23109075f25
Batches/IMG_7734.jpg,image,0.71,1179,643,0.0,mjpeg,25/1,False,,87ddd5db23b219b7ea540eefb2873b86
Batches/IMG_7791.MOV,video,24.43,1080,1920,8.4,h264,60000/1001,True,2026-10-10T16:59:57.000000Z,fbd419f7e4b148cac6ac947f7c75521e
Batches/IMG_7821.MOV,video,14.15,1080,1920,4.8,h264,60/1,True,2026-10-10T17:00:00.000000Z,bc2ee57593c6412aa35862b6503b19f0
Batches/IMG_7950.MOV,video,97.05,1080,1920,33.3,h264,60/1,True,2026-10-10T17:00:02.000000Z,b25511a5b49c3d2db753ed1df421fb6a
Batches/IMG_7951.MOV,video,21.76,1080,1920,7.4,h264,60000/1001,True,2026-10-10T17:00:15.000000Z,c373a70577c43e890379d4d3ff1baf8f
Batches/IMG_7959.jpg,image,2.55,4032,3024,0.0,mjpeg,25/1,False,,af4825e935e109528e8d708675caa9ff
Batches/IMG_8087.MOV,video,11.56,1080,1920,10.8,h264,30/1,True,2026-10-10T17:00:18.000000Z,381177bf4669d7e07aac018859ece6bb
Batches/IMG_8088.jpg,image,3.6,5712,4284,0.0,mjpeg,25/1,False,,5cbf12b53e2715ae01e56eef8ae68810
Batches/IMG_8090.jpg,image,3.44,5712,4284,0.0,mjpeg,25/1,False,,faf7ff1d41466fb1b9736ded0c7fb70c
Batches/IMG_8095.jpg,image,1.73,4032,3024,0.0,mjpeg,25/1,False,,ad30704b503041b27ce175151d3b699b
Batches/IMG_8102.jpg,image,3.22,5712,4284,0.0,mjpeg,25/1,False,,b3a0bf87916eb1f2a65c114fff5a138b
Batches/IMG_8103.MOV,video,10.61,1080,1920,3.8,h264,60/1,True,2026-10-10T17:00:20.000000Z,d497112357f635afe5c53341c6606052
Batches/IMG_8211.MOV,video,4.78,1080,1920,6.1,h264,30/1,True,2026-10-10T17:00:22.000000Z,14a79ac9e74f8e2877e2cbf9ee3fb9b0
Batches/IMG_8212.MOV,video,7.26,1080,1920,4.1,h264,30/1,True,2026-10-10T17:00:23.000000Z,a2f9d680d329a9d3e6d729708b62da70
Batches/IMG_8213.MOV,video,22.15,1080,1920,11.3,h264,30/1,True,2026-10-10T17:00:24.000000Z,eb8b4e53a3a6b261351f6fda6cd33bab
Batches/IMG_8217.MOV,video,13.3,1080,1920,7.8,h264,30/1,True,2026-10-10T17:00:26.000000Z,2c9c875423d7964d31411bcd127d0dc8
Batches/IMG_8219.jpg,image,3.67,5712,4284,0.0,mjpeg,25/1,False,,d67df58d8288a03452c41834bd398c46
Batches/IMG_8220.MOV,video,16.82,1080,1920,8.7,h264,30/1,True,2026-10-10T17:00:28.000000Z,06bde8bee8af22e6e9655fc7e2e226c6
Batches/IMG_8221.jpg,image,1.46,1980,3520,0.0,mjpeg,25/1,False,,02f523e3f21201928ac2ee54463d4551
Batches/IMG_8222.MOV,video,9.7,1080,1920,4.9,h264,30/1,True,2026-10-10T17:00:30.000000Z,86cb10e234a3a797a08be785addaa91c
Batches/IMG_8223(1).jpg,image,3.87,5712,4284,0.0,mjpeg,25/1,False,,36022777d02de83b1c3e7ef16e9532bb
Batches/IMG_8223.jpg,image,3.87,5712,4284,0.0,mjpeg,25/1,False,,36022777d02de83b1c3e7ef16e9532bb
Batches/IMG_8224.MOV,video,24.2,1080,1920,12.4,h264,30/1,True,2026-10-10T17:00:31.000000Z,409a1fdc61373dc5c821587a46935968
Batches/IMG_8225(1).jpg,image,4.03,5712,4284,0.0,mjpeg,25/1,False,,6b27618a93be3e77fca413ec4b0e36d8
Batches/IMG_8225.jpg,image,4.03,5712,4284,0.0,mjpeg,25/1,False,,6b27618a93be3e77fca413ec4b0e36d8
Batches/IMG_8227.jpg,image,4.15,5712,4284,0.0,mjpeg,25/1,False,,4b6b2f0953d789305c19a5d5b10a96ac
Batches/IMG_8230.MOV,video,11.84,1080,1920,6.0,h264,30/1,True,2026-10-10T17:00:34.000000Z,738c1417abd1996ff05f946fc7b3f1f4
Batches/IMG_8232.MOV,video,22.78,1080,1920,11.6,h264,30/1,True,2026-10-10T17:00:35.000000Z,532a198f76a0f4cd398943b1bf65e130
Batches/IMG_8235.MOV,video,14.23,1080,1920,8.8,h264,60/1,True,2026-10-10T17:00:37.000000Z,43eb8c1af3079b549259782c6159dfc1
Batches/IMG_8236(1).MOV,video,22.42,1080,1920,11.3,h264,60/1,True,2026-10-10T17:00:43.000000Z,c59231437588f9adc6f50ad8b5f41e57
Batches/IMG_8236.MOV,video,22.42,1080,1920,11.3,h264,60/1,True,2026-10-10T17:00:40.000000Z,88c567abf8fffedaafc47c47e79de339
Batches/IMG_8306.MOV,video,25.92,1080,1920,8.9,h264,60/1,True,2026-10-10T17:00:46.000000Z,5a5510498ff6c512b4254f97ac4db9c8
Batches/IMG_8322.JPG,image,3.02,4000,3000,0.0,mjpeg,25/1,False,,421aba90bc2b22dfe4fcc75d99fb62bd
Batches/IMG_8325(1).JPG,image,2.79,4000,3000,0.0,mjpeg,25/1,False,,f731e115cfaae7bc25caaf5675e76e09
Batches/IMG_8325.JPG,image,2.79,4000,3000,0.0,mjpeg,25/1,False,,f731e115cfaae7bc25caaf5675e76e09
Batches/IMG_8523.jpg,image,1.85,1179,2071,0.0,mjpeg,25/1,False,,768f734cdc43e4f7fac2f379b110f7e9
Batches/IMG_8524.jpg,image,1.66,1179,2082,0.0,mjpeg,25/1,False,,8386e11c5c4a1a626e191e209bfde74b
Batches/IMG_8569.jpg,image,1.55,1179,2009,0.0,mjpeg,25/1,False,,4445930bf51446f059abbf0a252a1fb6
Batches/IMG_8570.jpg,image,1.29,1179,1916,0.0,mjpeg,25/1,False,,b03d7b9df456b7dea0606946bcc1af6a
Batches/IMG_8571.jpg,image,0.84,1179,2048,0.0,mjpeg,25/1,False,,ede9b88a052d3ceb34bfbe13e1c1d423
Batches/IMG_8572.jpg,image,1.4,1179,1933,0.0,mjpeg,25/1,False,,80ecad0758d4718be34b1be17495d552
Batches/IMG_8573.jpg,image,0.47,1179,1030,0.0,mjpeg,25/1,False,,135eed2db2b130cdacdd1aaec421fd29
Batches/IMG_8589.jpg,image,1.11,1179,2052,0.0,mjpeg,25/1,False,,f40eaa41cb4b1769904e4d97e616109d
Batches/IMG_8590.jpg,image,1.2,1179,2078,0.0,mjpeg,25/1,False,,af2b6d3acae41d73240c129fc0d393a3
Batches/IMG_8591.jpg,image,0.86,1179,2146,0.0,mjpeg,25/1,False,,a66b97206404f378792ef2d6949fb775
Batches/IMG_8592(1).jpg,image,1.37,1179,2059,0.0,mjpeg,25/1,False,,1c07320aba6a3c78728d765f9a3d9b00
Batches/IMG_8592.jpg,image,1.37,1179,2059,0.0,mjpeg,25/1,False,,1c07320aba6a3c78728d765f9a3d9b00
Batches/IMG_8596.jpg,image,2.03,1179,2080,0.0,mjpeg,25/1,False,,da20a0ea6eaed77e39f5cf9955f2497f
Batches/IMG_8670.jpg,image,4.39,5712,4284,0.0,mjpeg,25/1,False,,5d37f4dbf959dd6df6a4446893715f1b
Batches/IMG_8672.MOV,video,16.47,1080,1920,5.6,h264,60/1,True,2026-10-10T17:12:37.000000Z,635e941e953d8f5efe0901bb9ef45f58
Batches/IMG_8679.MOV,video,16.62,1080,1920,5.7,h264,60/1,True,2026-10-10T17:12:40.000000Z,4f4e540e4183df819dcff3038130aee2
Batches/IMG_8748.jpg,image,1.89,1179,2073,0.0,mjpeg,25/1,False,,19f26a380eef685322a653a4ce296456
Batches/IMG_9065.jpg,image,4.55,5712,4284,0.0,mjpeg,25/1,False,,40393e2ea9b16c75328640af13b0eb42
Batches/IMG_9120.MOV,video,10.39,1080,1920,3.5,h264,60/1,True,2026-10-10T17:12:43.000000Z,b6851bd85d7a56e341dbc27bb3744cd2
Batches/IMG_9330.jpg,image,0.68,1023,523,0.0,mjpeg,25/1,False,,584a07ec6d043c2280c6a30a242b8dcb
Batches/IMG_9331.MOV,video,14.39,1080,1920,4.9,h264,60/1,True,2026-10-10T17:12:45.000000Z,e244482c6aea313136af94ba31c8708e
Batches/IMG_9333.MOV,video,20.24,1080,1920,6.9,h264,60/1,True,2026-10-10T17:12:47.000000Z,fa91c93ce6a80d1b16c94f12c69145dd
Batches/IMG_9449.jpg,image,4.47,5712,4284,0.0,mjpeg,25/1,False,,0075527fe6ed8c3aa6ae9c3cf29f65bc
Batches/IMG_9450.jpg,image,6.5,5712,4284,0.0,mjpeg,25/1,False,,916adf0c4d782ab3ed8eee5200b069cd
Batches/IMG_9451.jpg,image,5.57,5712,4284,0.0,mjpeg,25/1,False,,2239ccf9bd5a80e716357d01856f0e60
Batches/IMG_9452.jpg,image,6.01,5712,4284,0.0,mjpeg,25/1,False,,8843f3de4b07f9819b12bc77e5d05ece
Batches/IMG_9453.MOV,video,39.4,1080,1920,14.8,h264,60/1,True,2026-10-10T17:12:50.000000Z,7ea8533edbbc4c58b197f3e9c37647e0
Batches/IMG_9462.jpg,image,4.04,5712,4284,0.0,mjpeg,25/1,False,,7a77050cc44d1f015354bde09231685c
Batches/IMG_9463.jpg,image,4.72,5712,4284,0.0,mjpeg,25/1,False,,dddc876e58527b8934b69824faada664
Batches/IMG_9465.jpg,image,5.96,5712,4284,0.0,mjpeg,25/1,False,,cb83fc9c839d35265aca21604b3286b8
Batches/IMG_9466.MOV,video,52.06,1080,1920,24.6,h264,30/1,True,2026-10-10T17:12:56.000000Z,a4d02b452b95880ddda58ba4d6a6869e
Batches/IMG_9470.MOV,video,4.47,1080,1920,5.2,h264,30/1,True,2026-10-10T17:13:01.000000Z,6a2566820e444f2d4a29bb9f33d52daa
Batches/IMG_9471.jpg,image,2.47,4032,3024,0.0,mjpeg,25/1,False,,7e423c2138a3f43dbb03727d83a1c0e9
Batches/IMG_9500.MOV,video,13.81,1080,1920,4.7,h264,60/1,True,2026-10-10T17:13:03.000000Z,b5ef6ce5c60cc3459986fd82218f64bc
Batches/IMG_9501.jpg,image,5.81,5712,4284,0.0,mjpeg,25/1,False,,a22ea75473ee409e17a3f0b10dddfc5f
Batches/IMG_9505.MOV,video,16.08,1080,1920,5.5,h264,60/1,True,2026-10-10T17:13:05.000000Z,f50876f01acc1256aa5c6a92851d58e3
Batches/IMG_9529.MOV,video,48.7,1080,1920,16.6,h264,60/1,True,2026-10-10T17:13:07.000000Z,02270f46d8613ecc04273fffa10a75ad
Batches/IMG_9622.MOV,video,28.58,1080,1920,10.0,h264,60/1,True,2026-10-10T17:13:13.000000Z,d9af6ee0481854f8e6c591caec514dbb
Batches/IMG_9626.MOV,video,41.85,1080,1920,18.8,h264,30/1,True,2026-10-10T17:13:17.000000Z,24576e83d9c7e78013c1299d86a6bb18
Batches/IMG_9687.jpg,image,2.6,4032,3024,0.0,mjpeg,25/1,False,,ee1c304c955348bd05102713db9f5e0d
Batches/IMG_9688.MOV,video,12.59,1080,1920,4.3,h264,60/1,True,2026-10-10T17:13:23.000000Z,89abf809c5fc4e710718a6b7ce69c79f
Batches/IMG_9689.MOV,video,15.65,1080,1920,5.4,h264,60/1,True,2026-10-10T17:13:25.000000Z,c14d388393e23730bac3ab882914deaa
Batches/IMG_9690.jpg,image,5.85,5712,4284,0.0,mjpeg,25/1,False,,716bf7565d88da534fd2f7cd78dcda6f
Batches/IMG_9982.MOV,video,69.45,1080,1920,34.8,h264,30/1,True,2026-07-28T12:46:13.000000Z,78891b9751b2004bf619c6015b035317
Batches/Promo (Succession).MP4,video,44.99,1080,1920,36.9,h264,30/1,True,2026-01-18T17:20:49.000000Z,9e702ad3967431c13b0debe0ef0406df
Batches/Ras Al Khaimah Long.MP4,video,67.32,1080,1920,54.6,h264,30/1,True,2025-08-04T04:42:17.000000Z,80d7f29d1133a2a177f6f5ca041308aa
Batches/September Promo.MP4,video,85.19,2160,3840,25.6,h264,30/1,True,2025-09-16T00:04:44.000000Z,d6d3bf34e211f28dc0b0f7fe6633c1b6
Batches/be40ccc5-4aef-4803-b45a-01192bb468ee.MP4,video,17.62,848,478,104.2,h264,60000/1001,True,,11e95e001e3c728bab3862334cc41a73
Batches/cc91d622-39bc-4e12-b681-59c0e522bf83.MP4,video,3.47,474,850,16.3,h264,20/1,True,2026-10-10T16:59:29.000000Z,fd9ef796336dd0c184cabfcd8ac24369
Batches/d2a58eb5-8939-4e56-a4f1-3edbefde3f26(1).MP4,video,5.95,480,848,40.3,h264,25/1,True,,f0b885d100b79919fe6fcb6e0755134d
Batches/d2a58eb5-8939-4e56-a4f1-3edbefde3f26.MP4,video,5.95,480,848,40.3,h264,25/1,True,,f0b885d100b79919fe6fcb6e0755134d
Batches/d6b4bcb33155456688d8d867905a3824.MOV,video,2.8,1080,608,9.2,h264,30/1,True,2024-08-27T11:37:06.000000Z,b0da6c2bc2b2c6f0c739e746d76b0d29
Batches/dbcf6a64-3403-4fdf-8c89-af173b08991d(1).JPG,image,0.27,1200,1600,0.0,mjpeg,25/1,False,,f6d8e83625ea62e208ecee24751284d3
Batches/dbcf6a64-3403-4fdf-8c89-af173b08991d.JPG,image,0.27,1200,1600,0.0,mjpeg,25/1,False,,f6d8e83625ea62e208ecee24751284d3
Batches/e1cdc248706e4306a9499e3d8a06bb4d.MOV,video,36.87,1080,1920,29.9,h264,30/1,True,2026-01-21T08:19:42.000000Z,6e0e0c4aeebfd8a7ba509b526daa94c3
Batches/ecf7f6f8-8412-4a31-8c44-04f7be827cd2(1).MP4,video,5.55,480,848,35.9,h264,30000/1001,True,2026-10-10T17:00:50.000000Z,7cd9ed3c69a410e97e4bd61554fc3b0f
Batches/ecf7f6f8-8412-4a31-8c44-04f7be827cd2.MP4,video,5.55,480,848,35.9,h264,30000/1001,True,2026-10-10T17:00:49.000000Z,570ec1208447d8a27bad10cdc7dcf938
Batches/f053865f-7082-4f1f-bc2c-24983347b54d.MP4,video,1.74,720,1280,5.0,h264,30/1,True,2026-10-10T17:13:27.000000Z,ed99fe1b23f0c06fd2ca6e98354a7507
Batches/f07e7941-b038-471f-97ee-31929c432724.JPG,image,1.32,3120,4160,0.0,mjpeg,25/1,False,,56276b5834ace2e3d28ea9e5d017b1ef
Batches/f27e8a0b-7e1c-4834-aec8-a1cb0eb112ab.JPG,image,0.4,1600,1066,0.0,mjpeg,25/1,False,,113cf1300dcfb764889a9c8f6cccc8cf
Batches/f73fa6a2-ccee-4638-ad39-a6f238bea473.MP4,video,6.22,480,848,43.4,h264,30/1,True,,40493df357fb62e29b8d3508921bddd5
Batches/f91be56b-4ad1-4669-8543-ec711219ed92.JPG,image,1.55,3120,4160,0.0,mjpeg,25/1,False,,09653cb54a92e3282351521ce365d6e8
Batches/vidssave.com Musion Events - Behind the Scenes Musion Holographic Demonstration 720P.MP4,video,4.68,810,1440,10.6,h264,30000/1001,True,,7cce63e8f364ba63aaa2fa170d282af7
